{
  "metadata": {
    "experiment": "5-Day Full Asset Comparison",
    "assets": [
      "SPY",
      "QQQ",
      "EEM",
      "GLD",
      "TLT",
      "IWM",
      "XLE",
      "XLK",
      "XLF",
      "FXI"
    ],
    "models": [
      "Ridge",
      "Huber",
      "GB",
      "Stacking",
      "Log",
      "Sqrt",
      "BoxCox"
    ],
    "timestamp": "2025-12-25T20:28:35.442841"
  },
  "results": {
    "SPY": {
      "Ridge": 0.21660104888141074,
      "Huber": 0.2775729153188634,
      "GB": 0.3320873424053581,
      "Stacking": 0.14860906704506383,
      "Log": 0.4004617896330237,
      "Sqrt": 0.356828323625766,
      "BoxCox": 0.2609033032529745,
      "Persistence": -0.0018622832196490968,
      "Best_Model": "Log",
      "Best_R2": 0.4004617896330237
    },
    "QQQ": {
      "Ridge": 0.3730916139820014,
      "Huber": 0.24736779748757298,
      "GB": -1.3215290653664247,
      "Stacking": 0.3970383185999048,
      "Log": 0.32692304288671803,
      "Sqrt": 0.26432080337118025,
      "BoxCox": 0.14469861563824826,
      "Persistence": -0.0008277238667506737,
      "Best_Model": "Stacking",
      "Best_R2": 0.3970383185999048
    },
    "EEM": {
      "Ridge": -0.2885863485150735,
      "Huber": 0.16392310001611443,
      "GB": 0.20358882933563294,
      "Stacking": -0.04141788082501563,
      "Log": 0.17302552428593287,
      "Sqrt": 0.21304539873063444,
      "BoxCox": 0.21642733784044899,
      "Persistence": -0.46285014242897304,
      "Best_Model": "BoxCox",
      "Best_R2": 0.21642733784044899
    },
    "GLD": {
      "Ridge": -0.01922518615942259,
      "Huber": -0.07850330605872924,
      "GB": -0.03741785458364455,
      "Stacking": 0.03760667862349376,
      "Log": 0.00941805527068984,
      "Sqrt": -0.037953548607822185,
      "BoxCox": -0.10902361888375989,
      "Persistence": -0.7508260029691223,
      "Best_Model": "Stacking",
      "Best_R2": 0.03760667862349376
    },
    "TLT": {
      "Ridge": -0.2999803608125635,
      "Huber": -0.27090587293520385,
      "GB": -0.6098848204930998,
      "Stacking": -0.08376541452199482,
      "Log": -0.21840878455744384,
      "Sqrt": -0.3600174206225162,
      "BoxCox": -0.5007186862298061,
      "Persistence": -0.7660164549853044,
      "Best_Model": "Stacking",
      "Best_R2": -0.08376541452199482
    },
    "IWM": {
      "Ridge": -0.17085919464631183,
      "Huber": 0.08100971831265669,
      "GB": -0.6559780315094035,
      "Stacking": -0.21088366178269635,
      "Log": 0.14665853342854696,
      "Sqrt": 0.10816018895021484,
      "BoxCox": 0.044193810073496875,
      "Persistence": -0.571906644858226,
      "Best_Model": "Log",
      "Best_R2": 0.14665853342854696
    },
    "XLE": {
      "Ridge": -0.2215059815778735,
      "Huber": 0.33747127394594445,
      "GB": -0.6965312601832967,
      "Stacking": -0.2583258022759751,
      "Log": 0.357951193273799,
      "Sqrt": 0.3658561781387384,
      "BoxCox": 0.37614086097157484,
      "Persistence": -0.11638020608780208,
      "Best_Model": "BoxCox",
      "Best_R2": 0.37614086097157484
    },
    "XLK": {
      "Ridge": 0.2127601445535774,
      "Huber": 0.14250909702044845,
      "GB": -3.903699303856949,
      "Stacking": -0.16600621906304203,
      "Log": 0.21671900134111222,
      "Sqrt": 0.15178864031969241,
      "BoxCox": 0.024079765585343305,
      "Persistence": -0.16342679800719084,
      "Best_Model": "Log",
      "Best_R2": 0.21671900134111222
    },
    "XLF": {
      "Ridge": -0.6846962759315525,
      "Huber": 0.24377083751221285,
      "GB": 0.1023892780179736,
      "Stacking": -1.0163471675830564,
      "Log": 0.23421281532579385,
      "Sqrt": 0.26356352000412686,
      "BoxCox": 0.3056360650894969,
      "Persistence": -0.2962481540852939,
      "Best_Model": "BoxCox",
      "Best_R2": 0.3056360650894969
    },
    "FXI": {
      "Ridge": 0.003138496310976513,
      "Huber": -0.03833003395803969,
      "GB": -0.014824907560027745,
      "Stacking": 0.0016723665245642616,
      "Log": -0.023322614065584446,
      "Sqrt": -0.03425533025871186,
      "BoxCox": -0.059925454600733064,
      "Persistence": -0.729846388309281,
      "Best_Model": "Ridge",
      "Best_R2": 0.003138496310976513
    }
  }
}