{
  "metadata": {
    "experiment": "5-Day Performance Boost",
    "timestamp": "2025-12-25T20:14:30.251440"
  },
  "results": {
    "SPY": {
      "stacking": {
        "r2": 0.2810404983599796,
        "model": "Stacking"
      },
      "polynomial": {
        "best_r2": 0.29344502734968614,
        "best_model": "poly2_a1000.0",
        "all": {
          "poly2_a100.0": -0.06458035362072234,
          "poly2_a1000.0": 0.29344502734968614,
          "poly3_a100.0": -0.222558301207733,
          "poly3_a1000.0": 0.23774385798930897
        }
      },
      "target_transform": {
        "best_r2": 0.40045931720251815,
        "best_transform": "log",
        "all": {
          "raw": 0.21660187414700371,
          "log": 0.40045931720251815,
          "sqrt": 0.35682574852530113,
          "boxcox_0.25": 0.2609010256228682
        }
      },
      "blending": {
        "test_r2": 0.010560535740170685,
        "val_r2": 0.31190554287710426,
        "weights": [
          0.2,
          0.4,
          0.4
        ]
      },
      "recent_data": {
        "best_r2": -0.022110466290876873,
        "best_period": "3yr",
        "all": {
          "3yr": -0.022110466290876873,
          "5yr": -1.8963075273579948,
          "7yr": -1.3170310437647172
        }
      }
    },
    "QQQ": {
      "stacking": {
        "r2": 0.3861657332304962,
        "model": "Stacking"
      },
      "polynomial": {
        "best_r2": 0.3641580269167197,
        "best_model": "poly2_a1000.0",
        "all": {
          "poly2_a100.0": 0.27175468977394934,
          "poly2_a1000.0": 0.3641580269167197,
          "poly3_a100.0": -0.12124806500335383,
          "poly3_a1000.0": 0.24461245397907538
        }
      },
      "target_transform": {
        "best_r2": 0.3730910791196652,
        "best_transform": "raw",
        "all": {
          "raw": 0.3730910791196652,
          "log": 0.3269248859264101,
          "sqrt": 0.26432293715376287,
          "boxcox_0.25": 0.144700876439812
        }
      },
      "blending": {
        "test_r2": -0.3692387207131622,
        "val_r2": 0.30089984513741075,
        "weights": [
          1.0,
          0.0,
          0.0
        ]
      },
      "recent_data": {
        "best_r2": 0.00017376538465785352,
        "best_period": "3yr",
        "all": {
          "3yr": 0.00017376538465785352,
          "5yr": -0.8997390706810595,
          "7yr": -0.5779707280268402
        }
      }
    },
    "EEM": {
      "stacking": {
        "r2": 0.08346106925328989,
        "model": "Stacking"
      },
      "polynomial": {
        "best_r2": 0.046645052287661026,
        "best_model": "poly3_a1000.0",
        "all": {
          "poly2_a100.0": -0.4786606776791953,
          "poly2_a1000.0": -0.04978989877632589,
          "poly3_a100.0": -0.20097945380979554,
          "poly3_a1000.0": 0.046645052287661026
        }
      },
      "target_transform": {
        "best_r2": 0.21642682195208607,
        "best_transform": "boxcox_0.25",
        "all": {
          "raw": -0.28858965509720735,
          "log": 0.17302513471869474,
          "sqrt": 0.21304506425631964,
          "boxcox_0.25": 0.21642682195208607
        }
      },
      "blending": {
        "test_r2": -0.2132251176722979,
        "val_r2": 0.16122100433712416,
        "weights": [
          0.0,
          0.6000000000000001,
          0.3999999999999999
        ]
      },
      "recent_data": {
        "best_r2": -0.041237430583789036,
        "best_period": "3yr",
        "all": {
          "3yr": -0.041237430583789036,
          "5yr": -1.4712995192384093,
          "7yr": -1.2578223329849676
        }
      }
    }
  }
}