{
  "metadata": {
    "experiment": "Advanced R² Improvement Strategies",
    "strategies": [
      "1. HARQ-WLS (1/sqrt(RQ) weights)",
      "2. Box-Cox optimal lambda",
      "3. Rectify (Linear + Nonlinear)",
      "4. Rough Volatility (Hurst exponent)",
      "5. Transfer Learning (QQQ → others)"
    ],
    "timestamp": "2025-12-25T14:43:45.643685"
  },
  "results": {
    "SPY": {
      "boxcox_lambda": -0.030887271523896236,
      "baseline": -0.007995131781769693,
      "boxcox_wls": -0.042423723291429516,
      "boxcox_wls_weights": {
        "Lasso": 0.0,
        "Huber": 0.0,
        "Ridge": 0.0,
        "ElasticNet": 0.7226792535858166,
        "RF": 0.06218600756447804
      },
      "rectify": -0.5250676801247003
    },
    "GLD": {
      "boxcox_lambda": 0.07189796862994698,
      "baseline": 0.0,
      "boxcox_wls": 0.029715726000164366,
      "boxcox_wls_weights": {
        "Lasso": 0.2302654874074776,
        "Huber": 0.22307765689412457,
        "Ridge": 0.0,
        "ElasticNet": 0.738535725027098,
        "RF": 0.0
      },
      "rectify": -0.45743403988917786
    },
    "QQQ": {
      "boxcox_lambda": 0.12693788645773055,
      "baseline": 0.07195592669682149,
      "boxcox_wls": 0.05223387081612707,
      "boxcox_wls_weights": {
        "Lasso": 0.0,
        "Huber": 0.02192536759929105,
        "Ridge": 0.0,
        "ElasticNet": 0.628755077251473,
        "RF": 0.23674732646205837
      },
      "rectify": -0.26002705757488953
    },
    "TLT": {
      "boxcox_lambda": 0.32909568486853635,
      "baseline": -0.02208548089436113,
      "boxcox_wls": -0.09323871602621936,
      "boxcox_wls_weights": {
        "Lasso": 0.0,
        "Huber": 0.0,
        "Ridge": 0.0,
        "ElasticNet": 0.8417082445359026,
        "RF": 0.0
      },
      "rectify": -0.9180354964355413
    },
    "EEM": {
      "boxcox_lambda": -0.4581457003308937,
      "baseline": 0.1540481416533922,
      "boxcox_wls": 0.11302633015287367,
      "boxcox_wls_weights": {
        "Lasso": 0.0,
        "Huber": 0.8155494838929137,
        "Ridge": 0.0,
        "ElasticNet": 0.04573861246851786,
        "RF": 0.0
      },
      "rectify": -0.3309565024494421
    },
    "transfer_learning": {
      "TLT": {
        "source_r2": -0.5390824793914311,
        "adjusted_r2": -0.965549001328347,
        "predictions": "[0.43970455 0.4582527  0.44885147 0.49920537 0.49161139 0.51530189\n 0.49404457 0.4886042  0.43706424 0.40998212 0.47009328 0.45610201\n 0.53350689 0.53777461 0.48208782 0.45436127 0.42667485 0.40885014\n 0.42632237 0.43377329 0.41909987 0.43834663 0.39639685 0.43559192\n 0.483908   0.47694858 0.52245918 0.54184355 0.52053563 0.46221575\n 0.5401997  0.50518904 0.47535174 0.48325388 0.46767764 0.445586\n 0.50294994 0.4528715  0.43900466 0.45761297 0.42949957 0.44237636\n 0.45931832 0.44429027 0.441421   0.41730524 0.42664099 0.43226952\n 0.39037883 0.41738356 0.40500221 0.44754121 0.41810169 0.43443341\n 0.42923249 0.42885518 0.38989672 0.36690591 0.32095492 0.36617919\n 0.36914372 0.35912729 0.43144035 0.42490845 0.42039862 0.46280288\n 0.4909421  0.45025728 0.41502783 0.49787985 0.50715339 0.49326768\n 0.5543186  0.54516792 0.4873142  0.47925057 0.48788583 0.46146008\n 0.46964362 0.48782218 0.48692196 0.49072058 0.47270778 0.52538909\n 0.47801707 0.45576113 0.45097879 0.43447157 0.39969648 0.41997117\n 0.42409223 0.42836138 0.41506422 0.39134051 0.36198923 0.35684259\n 0.37070476 0.37615358 0.36093042 0.36059663 0.36795059 0.36194894\n 0.38804416 0.4195953  0.42564834 0.38187072 0.39858383 0.35003079\n 0.34069553 0.34460508 0.42441591 0.44097843 0.4361427  0.45075246\n 0.42347486 0.37580975 0.391134   0.40172365 0.42141526 0.42960631\n 0.43416443 0.41406313 0.43888988 0.41898392 0.48264365 0.50875295\n 0.52078372 0.47841175 0.51675866 0.48541511 0.41937374 0.49635577\n 0.4562827  0.42690323 0.4505113  0.41026638 0.48438093 0.48216009\n 0.47371592 0.48496502 0.46339902 0.57493325 0.47604748 0.45536818\n 0.42397936 0.41311037 0.4057806  0.38415983 0.39117149 0.39506286\n 0.46225066 0.47713993 0.52007969 0.50886648 0.52247202 0.46785874\n 0.42562369 0.46255635 0.44629114 0.42294024 0.41265165 0.40541363\n 0.42708059 0.39793711 0.41410817 0.43181395 0.44100384 0.44038443\n 0.46312091 0.45501924 0.455941   0.41483064 0.41284421 0.38213566\n 0.34852409 0.37182381 0.36194316 0.35157018 0.36135497 0.33766213\n 0.38928585 0.41793298 0.42639078 0.44188473 0.41714676 0.4121536\n 0.40826189 0.3942763  0.39936707 0.39486236 0.38220401 0.3900226\n 0.46870425 0.48337298 0.46390644 0.47243998 0.46651605 0.44986999\n 0.44501468 0.43443635 0.41893448 0.45324622 0.43339871 0.44238999\n 0.47529919 0.51322996 0.46882643 0.48117322 0.45053536 0.45013556\n 0.43917158 0.50821781 0.48220921 0.44535062 0.43266729 0.58486936\n 0.51147923 0.47584805 0.498744   0.54728036 0.522078   0.53328045\n 0.56378133 0.53481756 0.49399488 0.46330156 0.45995859 0.43677005\n 0.43086487 0.42221272 0.42269755]"
      },
      "EEM": {
        "source_r2": 0.019763450982589137,
        "adjusted_r2": -0.05199319810552905,
        "predictions": "[0.37765457 0.39763137 0.41330676 0.41569028 0.41246223 0.43997991\n 0.42543879 0.41478284 0.39970637 0.3986058  0.48772614 0.47780184\n 0.5158379  0.53221737 0.53865907 0.48518607 0.40271416 0.42891754\n 0.43667018 0.42942048 0.44289026 0.50534553 0.4675019  0.45109026\n 0.42891461 0.39735102 0.3874803  0.39748675 0.41107787 0.40013009\n 0.48961436 0.45916887 0.42221315 0.40880742 0.40328796 0.35415471\n 0.38831645 0.3512788  0.36475335 0.34861495 0.37091662 0.37783979\n 0.36980899 0.33944913 0.38077999 0.34272489 0.34907996 0.39270546\n 0.37245353 0.35147196 0.34509071 0.36635246 0.35454592 0.36325897\n 0.38364487 0.36863521 0.34331959 0.34816843 0.30584657 0.33773074\n 0.35695891 0.34632764 0.32951577 0.31598987 0.30154608 0.34840569\n 0.31544163 0.31245554 0.29191068 0.34362189 0.32969703 0.41990705\n 0.44074855 0.46745773 0.44652985 0.45189114 0.4250263  0.409852\n 0.38617282 0.35702596 0.35691393 0.34614512 0.32845663 0.41021616\n 0.39750491 0.40187604 0.39986495 0.40589727 0.41180247 0.42993238\n 0.44239256 0.42981416 0.41902278 0.36970072 0.35449778 0.33779468\n 0.32253609 0.33335902 0.33612149 0.35410244 0.37579095 0.3889935\n 0.38336027 0.41970543 0.43040452 0.41097399 0.41582736 0.46595123\n 0.43538068 0.39677754 0.42061304 0.4178029  0.40062147 0.42022417\n 0.4169106  0.39539395 0.38302559 0.38013424 0.39350444 0.39591214\n 0.39440162 0.40115818 0.39388269 0.39070358 0.39378478 0.36608032\n 0.36538259 0.31701678 0.33776492 0.32235984 0.28705598 0.36288297\n 0.32781605 0.30486615 0.31129536 0.29152386 0.40362321 0.38713782\n 0.40624624 0.40814299 0.41354354 0.51312666 0.43287948 0.40996636\n 0.41396757 0.4133162  0.41086505 0.44540707 0.50844034 0.65678071\n 0.61788618 0.63384541 0.61603825 0.574755   0.53370877 0.53240775\n 0.53778041 0.55241263 0.5228355  0.49295803 0.51085892 0.49900123\n 0.54136506 0.50724737 0.52364468 0.52209696 0.5448154  0.52891602\n 0.54242095 0.58064798 0.53772196 0.48205324 0.54412679 0.52193246\n 0.5037892  0.50125599 0.46810824 0.42182966 0.42597626 0.39358693\n 0.43091407 0.45347509 0.42853478 0.43060278 0.41655776 0.42245784\n 0.46896407 0.45825988 0.54955693 0.56438805 0.53499994 0.50959668\n 0.51675773 0.47886805 0.52933375 0.54627414 0.524088   0.52903087\n 0.56262437 0.5821567  0.54741751 0.55591447 0.55118346 0.54473671\n 0.54060792 0.57944022 0.60303388 0.58838926 0.5841178  0.55112519\n 0.51221058 0.56781188 0.51227544 0.49120577 0.47318866 0.54115439\n 0.45537224 0.5114532  0.51955925 0.60056123 0.60675865 0.63660219\n 0.60818189 0.56344574 0.51845358 0.49105219 0.48189419 0.47012775\n 0.47794519 0.48513472 0.48235736]"
      },
      "GLD": {
        "source_r2": -0.10617999712502124,
        "adjusted_r2": -0.26307111129628735,