{
  "model": "Ensemble_EEM",
  "total_trials": 1,
  "best_params": {
    "method": "ensemble_optimization"
  },
  "best_score": -0.16247165152425525,
  "trials": [
    {
      "trial_id": 1,
      "params": {
        "method": "ensemble_optimization"
      },
      "score": -0.16247165152425525,
      "metrics": {
        "nnls": {
          "weights": {
            "LightGBM": 0.6770352049715049,
            "CatBoost": 0.0
          },
          "R2": -0.16247165152425525
        },
        "optuna": {
          "weights": {
            "LightGBM": 0.9999870241070927,
            "CatBoost": 1.297589290728106e-05
          },
          "R2": -0.9797152084126806
        }
      },
      "timestamp": "2025-12-25T01:59:12.107642"
    }
  ]
}