{
  "model": "Ensemble_QQQ",
  "total_trials": 1,
  "best_params": {
    "method": "ensemble_optimization"
  },
  "best_score": -0.08613702513071808,
  "trials": [
    {
      "trial_id": 1,
      "params": {
        "method": "ensemble_optimization"
      },
      "score": -0.08613702513071808,
      "metrics": {
        "nnls": {
          "weights": {
            "LightGBM": 0.7060310536672986,
            "CatBoost": 0.0
          },
          "R2": -0.08613702513071808
        },
        "optuna": {
          "weights": {
            "LightGBM": 0.9999870241070927,
            "CatBoost": 1.297589290728106e-05
          },
          "R2": -0.6299625087321952
        }
      },
      "timestamp": "2025-12-25T01:46:24.714288"
    }
  ]
}