{
  "metadata": {
    "experiment": "Model-Asset Performance Matrix",
    "timestamp": "2025-12-26T09:45:40.457201",
    "assets": [
      "SPY",
      "QQQ",
      "IWM",
      "DIA",
      "XLK",
      "XLF",
      "XLE",
      "XLV"
    ],
    "models": [
      "Ridge_10",
      "Ridge_100",
      "Ridge_1000",
      "Lasso_0.01",
      "Lasso_0.1",
      "Huber",
      "ElasticNet"
    ]
  },
  "matrix": {
    "SPY": {
      "Ridge_10": {
        "r2": 0.37518490179617514,
        "rmse": 0.12814229577128405,
        "mae": 0.07251630089508497,
        "direction_acc": 0.6880856760374833
      },
      "Ridge_100": {
        "r2": 0.3568247543746934,
        "rmse": 0.1300113905254981,
        "mae": 0.07288887624856884,
        "direction_acc": 0.6867469879518072
      },
      "Ridge_1000": {
        "r2": 0.2535184726547659,
        "rmse": 0.14006391947814423,
        "mae": 0.0779936736540481,
        "direction_acc": 0.6733601070950469
      },
      "Lasso_0.01": {
        "r2": 0.37024451445895434,
        "rmse": 0.1286479062155872,
        "mae": 0.07167850557215334,
        "direction_acc": 0.7041499330655957
      },
      "Lasso_0.1": {
        "r2": 0.16739203872983643,
        "rmse": 0.1479234483319529,
        "mae": 0.0823517395602515,
        "direction_acc": 0.6867469879518072
      },
      "Huber": {
        "r2": 0.26287754105858374,
        "rmse": 0.13918311902176103,
        "mae": 0.07716963454264743,
        "direction_acc": 0.678714859437751
      },
      "ElasticNet": {
        "r2": 0.26868902647272186,
        "rmse": 0.1386333723415018,
        "mae": 0.07643092307782344,
        "direction_acc": 0.6961178045515395
      }
    },
    "QQQ": {
      "Ridge_10": {
        "r2": 0.2828186848934262,
        "rmse": 0.2276320996481371,
        "mae": 0.13665552412790455,
        "direction_acc": 0.6813922356091031
      },
      "Ridge_100": {
        "r2": 0.2643215848988175,
        "rmse": 0.23054888603547183,
        "mae": 0.13832964214109136,
        "direction_acc": 0.6827309236947792
      },
      "Ridge_1000": {
        "r2": 0.16146354165477583,
        "rmse": 0.2461387530292412,
        "mae": 0.14662450576771582,
        "direction_acc": 0.6746987951807228
      },
      "Lasso_0.01": {
        "r2": 0.2693840286314867,
        "rmse": 0.22975427554619307,
        "mae": 0.13700529710223788,
        "direction_acc": 0.677376171352075
      },
      "Lasso_0.1": {
        "r2": 0.02171127585265309,
        "rmse": 0.2658597212530762,
        "mae": 0.15611385558788352,
        "direction_acc": 0.6894243641231593
      },
      "Huber": {
        "r2": 0.1710246752320318,
        "rmse": 0.24473147230837225,
        "mae": 0.1482662478417533,
        "direction_acc": 0.6572958500669344
      },
      "ElasticNet": {
        "r2": 0.1426219817726775,
        "rmse": 0.24888870814598368,
        "mae": 0.1463880313649124,
        "direction_acc": 0.6867469879518072
      }
    },
    "IWM": {
      "Ridge_10": {
        "r2": 0.10503333539558479,
        "rmse": 0.2120116708982341,
        "mae": 0.13380537372367687,
        "direction_acc": 0.7389558232931727
      },
      "Ridge_100": {
        "r2": 0.10815923099954361,
        "rmse": 0.21164109505803552,
        "mae": 0.13204439293933287,
        "direction_acc": 0.7336010709504686
      },
      "Ridge_1000": {
        "r2": 0.05364746155495559,
        "rmse": 0.21801321273230828,
        "mae": 0.13495634726328154,
        "direction_acc": 0.7242302543507363
      },
      "Lasso_0.01": {
        "r2": 0.10846392759171353,
        "rmse": 0.211604938475194,
        "mae": 0.13295113008256587,
        "direction_acc": 0.7349397590361446
      },
      "Lasso_0.1": {
        "r2": 0.0541758580195969,
        "rmse": 0.21795234033497346,
        "mae": 0.13328843517461514,
        "direction_acc": 0.7309236947791165
      },
      "Huber": {
        "r2": 0.054419455161389796,
        "rmse": 0.21792427169951795,
        "mae": 0.1341781884329353,
        "direction_acc": 0.7269076305220884
      },
      "ElasticNet": {
        "r2": 0.09992675588142785,
        "rmse": 0.212615667958819,
        "mae": 0.1307849751053557,
        "direction_acc": 0.7429718875502008
      }
    },
    "DIA": {
      "Ridge_10": {
        "r2": 0.3111986867255552,
        "rmse": 0.0916590852350462,
        "mae": 0.061529851364813856,
        "direction_acc": 0.7068273092369478
      },
      "Ridge_100": {
        "r2": 0.34256326849710983,
        "rmse": 0.08954792313285001,
        "mae": 0.05959407577900909,
        "direction_acc": 0.7255689424364123
      },
      "Ridge_1000": {
        "r2": 0.3590302410415962,
        "rmse": 0.0884193474397458,
        "mae": 0.05685898622275192,
        "direction_acc": 0.7269076305220884
      },
      "Lasso_0.01": {
        "r2": 0.3751070341752686,
        "rmse": 0.08730343938559953,
        "mae": 0.058794613920995845,
        "direction_acc": 0.7202141900937081
      },
      "Lasso_0.1": {
        "r2": 0.3524033098596633,
        "rmse": 0.08887525209248921,
        "mae": 0.05819257252503346,
        "direction_acc": 0.7001338688085676
      },
      "Huber": {
        "r2": 0.38537423846687724,
        "rmse": 0.08658325629621103,
        "mae": 0.0532535478729326,
        "direction_acc": 0.7550200803212851
      },
      "ElasticNet": {
        "r2": 0.39244261183610807,
        "rmse": 0.08608395040592767,
        "mae": 0.056734977829665516,
        "direction_acc": 0.6987951807228916
      }
    },
    "XLK": {
      "Ridge_10": {
        "r2": 0.16654908255660061,
        "rmse": 0.26898307961352297,
        "mae": 0.16509367831971553,
        "direction_acc": 0.6827309236947792
      },
      "Ridge_100": {
        "r2": 0.15178743023527297,
        "rmse": 0.2713546693228488,
        "mae": 0.16621912005134734,
        "direction_acc": 0.6867469879518072
      },
      "Ridge_1000": {
        "r2": 0.06283702398923363,
        "rmse": 0.2852282310388649,
        "mae": 0.17276248616842343,
        "direction_acc": 0.7014725568942436
      },
      "Lasso_0.01": {
        "r2": 0.15972800699250167,
        "rmse": 0.270081533756245,
        "mae": 0.16463154247703493,
        "direction_acc": 0.6813922356091031
      },
      "Lasso_0.1": {
        "r2": -0.0017153746423670402,
        "rmse": 0.29488801143185983,
        "mae": 0.17545965968423424,
        "direction_acc": 0.7041499330655957
      },
      "Huber": {
        "r2": 0.04162941810098819,
        "rmse": 0.28843747439147494,
        "mae": 0.17788897574160065,
        "direction_acc": 0.6572958500669344
      },
      "ElasticNet": {
        "r2": 0.07932468942816384,
        "rmse": 0.28270806336272675,
        "mae": 0.1692191906038085,
        "direction_acc": 0.6961178045515395
      }
    },
    "XLF": {
      "Ridge_10": {
        "r2": 0.22797633803304918,
        "rmse": 0.17557354006664752,
        "mae": 0.11403503764799448,
        "direction_acc": 0.678714859437751
      },
      "Ridge_100": {
        "r2": 0.26356557004681735,
        "rmse": 0.1714789448150978,
        "mae": 0.11033260457828162,
        "direction_acc": 0.6854082998661312
      },
      "Ridge_1000": {
        "r2": 0.2914781493144709,
        "rmse": 0.16819782840795522,
        "mae": 0.1054206227717556,
        "direction_acc": 0.6733601070950469
      },
      "Lasso_0.01": {
        "r2": 0.26896651142647976,
        "rmse": 0.1708489823793811,
        "mae": 0.11168065502744991,
        "direction_acc": 0.6827309236947792
      },
      "Lasso_0.1": {
        "r2": 0.29953582905421383,
        "rmse": 0.16723867693637864,
        "mae": 0.11013781143527542,
        "direction_acc": 0.6693440428380187
      },
      "Huber": {
        "r2": 0.3059737479921437,
        "rmse": 0.16646836317676858,
        "mae": 0.09735301790171765,
        "direction_acc": 0.7269076305220884
      },
      "ElasticNet": {
        "r2": 0.3078520650435752,