{
  "metadata": {
    "experiment": "Paper Statistics and Tables",
    "timestamp": "2025-12-26T03:10:22.351568"
  },
  "tables": {
    "descriptive_stats": {
      "Asset": {
        "0": "SPY",
        "1": "QQQ",
        "2": "EEM",
        "3": "GLD",
        "4": "TLT",
        "5": "IWM",
        "6": "XLE",
        "7": "XLK",
        "8": "XLF"
      },
      "N": {
        "0": 2488,
        "1": 2488,
        "2": 2488,
        "3": 2488,
        "4": 2488,
        "5": 2488,
        "6": 2488,
        "7": 2488,
        "8": 2488
      },
      "Mean": {
        "0": 0.15577649403804572,
        "1": 0.23959561836687868,
        "2": 0.21391978082192156,
        "3": 0.09889952840064281,
        "4": 0.11674798793341332,
        "5": 0.25414301512003334,
        "6": 0.44428186820663923,
        "7": 0.2736887482712324,
        "8": 0.2470456566887189
      },
      "Std": {
        "0": 0.44989543385217506,
        "1": 0.4850052239178634,
        "2": 0.4912486077699377,
        "3": 0.11375837697157538,
        "4": 0.21429225767954443,
        "5": 0.5582697802894292,
        "6": 1.0963131949319103,
        "7": 0.6319270510671966,
        "8": 0.7509777925939557
      },
      "Min": {
        "0": 0.001207198495399617,
        "1": 0.0017994757776439293,
        "2": 0.0016747991107651577,
        "3": 0.0005735767098170434,
        "4": 0.0019431898911819224,
        "5": 0.0025918097463987996,
        "6": 0.0006188516708432209,
        "7": 0.002216490240539886,
        "8": 0.0006546968091533694
      },
      "Q1": {
        "0": 0.027295286894797446,
        "1": 0.05652912704511504,
        "2": 0.06949992497580806,
        "3": 0.03451443618829194,
        "4": 0.04063248481788215,
        "5": 0.06724570665760163,
        "6": 0.10474541970386475,
        "7": 0.06138742034396083,
        "8": 0.052927271511857193
      },
      "Median": {
        "0": 0.06561803041687155,
        "1": 0.12176760830895628,
        "2": 0.12495050508871314,
        "3": 0.06673415744286287,
        "4": 0.07386409681227753,
        "5": 0.13555782673332106,
        "6": 0.21000303395946177,
        "7": 0.14017906117606027,
        "8": 0.10771107274736352
      },
      "Q3": {
        "0": 0.15049727886387454,
        "1": 0.26764127358685164,
        "2": 0.22687204431961208,
        "3": 0.1203509527963894,
        "4": 0.13311990409531338,
        "5": 0.2784097531363984,
        "6": 0.43922641044345834,
        "7": 0.2876583298047547,
        "8": 0.2165422616824717
      },
      "Max": {
        "0": 8.546420277340468,
        "1": 9.470309901345313,
        "2": 10.835996047061611,
        "3": 1.3321239525074067,
        "4": 4.591196353759317,
        "5": 10.686801616540125,
        "6": 17.56249825726845,
        "7": 12.408516555232488,
        "8": 14.604037380254812
      },
      "Skewness": {
        "0": 12.375644400413282,
        "1": 11.078459232602118,
        "2": 13.741699462432582,
        "3": 4.293490780925327,
        "4": 11.880978625044978,
        "5": 11.496481047557165,
        "6": 9.493950118369956,
        "7": 12.354911416406168,
        "8": 12.556044283354964
      },
      "Kurtosis": {
        "0": 193.18409895633914,
        "1": 174.27627064958259,
        "2": 237.8529766291595,
        "3": 28.441416128879112,
        "4": 185.7844658172149,
        "5": 173.16274906945296,
        "6": 109.72749363096737,
        "7": 203.31392621911647,
        "8": 194.5216911456552
      }
    },
    "model_comparison": {
      "Asset": {
        "0": "SPY",
        "1": "QQQ",
        "2": "XLK",
        "3": "XLF"
      },
      "Model": {
        "0": "Ridge(sqrt)",
        "1": "Lasso(log)",
        "2": "Ridge(raw)",
        "3": "Huber(log)"
      },
      "R2": {
        "0": 0.35682811716574014,
        "1": 0.3280575844508399,
        "2": 0.28147369963925406,
        "3": 0.2894708895477247
      },
      "R2_Persist": {
        "0": -0.001864785693245885,
        "1": -0.000822823654082816,
        "2": -0.163422553068707,
        "3": -0.2962493389401988
      },
      "R2_Improvement": {
        "0": 0.35869290285898603,
        "1": 0.3288804081049227,
        "2": 0.44489625270796107,
        "3": 0.5857202284879235
      },
      "RMSE": {
        "0": 0.13001096761107755,
        "1": 0.22033634545288247,
        "2": 0.249751044147651,
        "3": 0.16843581550268943
      },
      "RMSE_Persist": {
        "0": 0.1622635679783418,
        "1": 0.26890489882545376,
        "2": 0.317800603146806,
        "3": 0.22750334142576223
      },
      "MAE": {
        "0": 0.0728886696342801,
        "1": 0.13182766393327222,
        "2": 0.16477541420155437,
        "3": 0.10012182414056668
      },
      "Direction_Acc": {
        "0": 0.6867469879518072,
        "1": 0.7014725568942436,
        "2": 0.6947791164658634,
        "3": 0.7242302543507363
      }
    },
    "dm_test": {
      "Asset": {
        "0": "SPY",
        "1": "QQQ",
        "2": "XLK",
        "3": "XLF"
      },
      "DM_Statistic": {
        "0": -2.2266466311888995,
        "1": -1.7784799922887622,
        "2": -2.2497600305602896,
        "3": -3.378662369140164
      },
      "P_Value": {
        "0": 0.025970899841204265,
        "1": 0.07532505512688203,
        "2": 0.024464182516029886,
        "3": 0.0007283940468953976
      },
      "Significant_5%": {
        "0": "**",
        "1": "*",
        "2": "**",
        "3": "***"
      }
    },
    "wf_cv": {
      "Asset": {
        "0": "SPY",
        "1": "QQQ",
        "2": "XLK",
        "3": "XLF"
      },
      "Model": {
        "0": "Ridge(sqrt)",
        "1": "Lasso(log)",
        "2": "Ridge(raw)",
        "3": "Huber(log)"
      },
      "Fold_1": {
        "0": 0.17738505954869166,
        "1": 0.22574545717139693,
        "2": 0.12999362315167806,
        "3": 0.04662369347539819
      },
      "Fold_2": {
        "0": 0.2875800267699933,
        "1": 0.22058158068049882,
        "2": 0.1558249470911358,
        "3": 0.2328513257527226
      },
      "Fold_3": {
        "0": 0.3356624825938106,
        "1": 0.24058877027099856,
        "2": 0.1898857412640763,
        "3": 0.09035889925810203
      },
      "Fold_4": {
        "0": 0.20617788098450907,
        "1": 0.17477055564693467,
        "2": 0.20252653708977897,
        "3": 0.14343401199205685
      },
      "Fold_5": {
        "0": -0.09650084799354608,
        "1": 0.04219843720502403,
        "2": 0.09746350878106791,
        "3": 0.050804848833721494
      },
      "Mean": {
        "0": 0.1820609203806917,
        "1": 0.1807769601949706,
        "2": 0.15513887147554742,
        "3": 0.11281455586240023
      },
      "Std": {
        "0": 0.15028497728687068,
        "1": 0.07269678134079452,
        "2": 0.0385023050931404,
        "3": 0.06939318087856464
      }
    },
    "feature_importance": {
      "SPY": {
        "VIX_lag1": 0.4354049599647398,
        "RV_5d_lag1": 0.042629527767550246,
        "direction_5d_lag1": 0.026952546805776967,
        "RV_22d_lag1": 0.0005680990241908601,
        "RV_ratio_lag1": -0.0020449966789590768,
        "VIX_change_lag1": -0.013755513566017452
      },
      "QQQ": {
        "VIX_lag1": 0.3998231299403253,
        "RV_5d_lag1": 0.046192662236801074,
        "direction_5d_lag1": 0.01551490517334242,
        "RV_22d_lag1": 0.0,
        "RV_ratio_lag1": -0.0011577711320016615,
        "VIX_change_lag1": -0.0028510134685137967
      },
      "XLK": {
        "VIX_lag1": 0.22609420344243059,
        "RV_5d_lag1": 0.03651023579813206,
        "direction_5d_lag1": 0.0018674475723936546,
        "RV_22d_lag1": 0.012662113340333625,
        "RV_ratio_lag1": -0.022390275053668085,
        "VIX_change_lag1": -0.012135847076929274
      },
      "XLF": {
        "VIX_lag1": 0.29396945589403556,
        "RV_5d_lag1": 0.015156641778152014,
        "direction_5d_lag1": 0.016974741990526843,
        "RV_22d_lag1": -0.0004086379913775806,