{
  "metadata": {
    "experiment": "SCI Quality Enhancement",
    "timestamp": "2025-12-26T03:54:28.103413"
  },
  "results": {
    "SPY": {
      "robustness": {
        "full_period": 0.35682612856093077,
        "low_vix": -0.06178534468265684,
        "mid_vix": 0.04635121533309283,
        "high_vix": -0.0568410683174827
      },
      "trading": {
        "strategy_return": 0.3913090321515966,
        "buy_hold_return": 0.3183701126206546,
        "strategy_sharpe": 0.871574876105979,
        "buy_hold_sharpe": 0.6676065460287101,
        "strategy_mdd": -0.1969053257865565,
        "buy_hold_mdd": -0.2143762424042549,
        "excess_return": 0.072938919530942,
        "excess_sharpe": 0.2039683300772689
      },
      "har_comparison": {
        "HAR_RV": 0.17979774419398276,
        "Hybrid": 0.35682612856093077,
        "Persistence": -0.4157427560521838,
        "Improvement_vs_HAR": 0.177028384366948
      },
      "subsample": {
        "pre_covid": 0.2733071323950723,
        "post_covid": -0.00421026987411377
      },
      "horizon": {
        "5d": 0.36270067445837073,
        "10d": 0.4315161229271649,
        "22d": 0.4419911444082999
      }
    },
    "QQQ": {
      "robustness": {
        "full_period": 0.2643215516895069,
        "low_vix": -0.21171565534237868,
        "mid_vix": -0.031185745944237286,
        "high_vix": -0.17762113785772282
      },
      "trading": {
        "strategy_return": 0.4221721035093873,
        "buy_hold_return": 0.3985028357327953,
        "strategy_sharpe": 0.7106796670019296,
        "buy_hold_sharpe": 0.6506455199001888,
        "strategy_mdd": -0.24629276542055367,
        "buy_hold_mdd": -0.2828800362523808,
        "excess_return": 0.02366926777659195,
        "excess_sharpe": 0.06003414710174082
      },
      "har_comparison": {
        "HAR_RV": 0.21510640999073283,
        "Hybrid": 0.2643215516895069,
        "Persistence": -0.5396953135913849,
        "Improvement_vs_HAR": 0.049215141698774056
      },
      "subsample": {
        "pre_covid": 0.2171685772674672,
        "post_covid": 0.02520901638754991
      },
      "horizon": {
        "5d": 0.24849936517676097,
        "10d": 0.28285893971812215,
        "22d": 0.23417572995000147
      }
    },
    "XLK": {
      "robustness": {
        "full_period": 0.15178697162057997,
        "low_vix": -0.40505764986273873,
        "mid_vix": -0.11179567349886388,
        "high_vix": -0.1171689752639189
      },
      "trading": {
        "strategy_return": 0.4644589815193736,
        "buy_hold_return": 0.4539392828449351,
        "strategy_sharpe": 0.7125481657672788,
        "buy_hold_sharpe": 0.6734879951831133,
        "strategy_mdd": -0.23018543146427717,
        "buy_hold_mdd": -0.27235073604394355,
        "excess_return": 0.010519698674438471,
        "excess_sharpe": 0.03906017058416544
      },
      "har_comparison": {
        "HAR_RV": 0.1455117271092724,
        "Hybrid": 0.15178697162057997,
        "Persistence": -0.6306025907016888,
        "Improvement_vs_HAR": 0.006275244511307565
      },
      "subsample": {
        "pre_covid": 0.1378707600393102,
        "post_covid": 0.007062378638997502
      },
      "horizon": {
        "5d": 0.15310610131674884,
        "10d": 0.1732810667397825,
        "22d": 0.13745285145167774
      }
    },
    "XLF": {
      "robustness": {
        "full_period": 0.2635649958136751,
        "low_vix": -0.2821950327669236,
        "mid_vix": 0.07240419188144709,
        "high_vix": -0.15918302136308227
      },
      "trading": {
        "strategy_return": 0.25352786316096587,
        "buy_hold_return": 0.22224386131403984,
        "strategy_sharpe": 0.6900263220092092,
        "buy_hold_sharpe": 0.4603459329207012,
        "strategy_mdd": -0.14507052372348528,
        "buy_hold_mdd": -0.245318931147691,
        "excess_return": 0.031284001846926035,
        "excess_sharpe": 0.22968038908850802
      },
      "har_comparison": {
        "HAR_RV": 0.010635804900988366,
        "Hybrid": 0.2635649958136751,
        "Persistence": -0.396935877463404,
        "Improvement_vs_HAR": 0.25292919091268673
      },
      "subsample": {
        "pre_covid": 0.23099720670297275,
        "post_covid": 0.0740798666925504
      },
      "horizon": {
        "5d": 0.2782058973439421,
        "10d": 0.2283612882018573,
        "22d": 0.22087210177704175
      }
    }
  }
}