{
  "metadata": {
    "experiment": "SCI Journal Requirements",
    "timestamp": "2025-12-26T10:14:31.131811"
  },
  "results": {
    "thar": {
      "HAR": {
        "r2": 0.36270171567167564
      },
      "THAR": {
        "r2": 0.36406597484523473,
        "threshold": 20
      },
      "ML": {
        "r2": 0.38376417032604804
      },
      "DM_THAR_vs_HAR": {
        "dm_stat": -0.24251108930444606,
        "p_value": 0.8083841652529902
      },
      "DM_ML_vs_HAR": {
        "dm_stat": -2.420247682900122,
        "p_value": 0.015509938808495827
      },
      "DM_ML_vs_THAR": {
        "dm_stat": -1.528635961399389,
        "p_value": 0.1263547158307745
      }
    },
    "har_cj": {
      "HAR": {
        "r2": 0.010710234428116139
      },
      "HAR_CJ": {
        "r2": 0.009707361348348043
      },
      "HAR_VIX": {
        "r2": 0.36270171567167564
      },
      "HAR_CJ_VIX": {
        "r2": 0.37482985491495713
      },
      "DM_HAR_CJ_vs_HAR": {
        "dm_stat": 2.3072169948463057,
        "p_value": 0.021042726132184164
      },
      "DM_HAR_CJ_VIX_vs_HAR": {
        "dm_stat": -4.5508461360605175,
        "p_value": 5.343061078466604e-06
      }
    },
    "shap": {
      "base_r2": 0.36270171567167564,
      "feature_importance": {
        "RV_5d_lag1": 0.0509161020744896,
        "RV_22d_lag1": -0.006463682093307277,
        "VIX_lag1": 0.5476881023567901
      },
      "regime_analysis": {
        "Low (VIX<15)": {
          "r2": -0.05208250849496321,
          "vix_contribution": 0.0393134612943391,
          "n_samples": 232
        },
        "Mid (15<=VIX<25)": {
          "r2": 0.06130312414970207,
          "vix_contribution": 0.1645024624099044,
          "n_samples": 377
        },
        "High (VIX>=25)": {
          "r2": -0.054907511653299323,
          "vix_contribution": 0.12406970550065122,
          "n_samples": 138
        }
      }
    }
  }
}