{
  "metadata": {
    "experiment": "SPY Leakage-Free Optimization",
    "features": 27,
    "train_size": 679,
    "val_size": 212,
    "test_size": 234,
    "gap": 22,
    "timestamp": "2025-12-25T17:01:10.438274"
  },
  "results": {
    "individual": {
      "Lasso_light": {
        "val_r2": -0.5918475122307196,
        "test_r2": -0.5728876113702859
      },
      "Lasso_medium": {
        "val_r2": -1.1778609831600608,
        "test_r2": -0.41199996034810304
      },
      "Lasso_strong": {
        "val_r2": -3.4634305113548374,
        "test_r2": -1.832423355104762
      },
      "Ridge": {
        "val_r2": -0.6390563787197545,
        "test_r2": -1.3769315310409662
      },
      "Huber": {
        "val_r2": -0.5652793103269316,
        "test_r2": -1.2787331144257155
      },
      "ElasticNet": {
        "val_r2": -2.0170173638455897,
        "test_r2": -1.004017017881822
      },
      "RF": {
        "val_r2": -0.47926475905712684,
        "test_r2": -0.07163035958251007
      },
      "GB": {
        "val_r2": -1.208536336863856,
        "test_r2": -0.13656148149766012
      }
    },
    "ensemble": {
      "val_r2": 0.443608230458986,
      "test_r2": -0.11119798263922553,
      "test_mae": 0.13352875699714395,
      "weights": {
        "Lasso_light": 0.1762534394010051,
        "Lasso_medium": 0.0,
        "Lasso_strong": 0.3636413348889392,
        "Ridge": 0.25283125610899654,
        "Huber": 0.0,
        "ElasticNet": 0.0,
        "RF": 0.20727396960105926,
        "GB": 0.0
      }
    }
  }
}