{
  "metadata": {
    "experiment": "SPY-Specific Optimization",
    "features": 44,
    "timestamp": "2025-12-25T15:21:15.334756"
  },
  "results": {
    "nnls_ensemble": 0.3386904873763007,
    "regime_ensemble": -5.248498469671585,
    "interaction_ensemble": 0.3624975851951977
  },
  "best_config": {
    "individual_r2": {
      "Lasso_light": -0.46384749942949277,
      "Lasso_medium": 0.12851450943587372,
      "Lasso_strong": -0.6719606946515886,
      "Ridge": -0.7668195133176006,
      "Huber": -0.6545197841043207,
      "ElasticNet": -0.26097238991954796,
      "RF": -0.36049921638769167,
      "GB": -0.4623983023877931
    },
    "ensemble_r2": 0.3386904873763007,
    "weights": {
      "Lasso_light": 0.7423084489824294,
      "Lasso_medium": 0.0,
      "Lasso_strong": 0.027518303044243346,
      "Ridge": 0.0,
      "Huber": 0.0,
      "ElasticNet": 0.0,
      "RF": 0.0,
      "GB": 0.23017324797332722
    },
    "predictions": "[0.07476121 0.06906612 0.0613174  0.06126579 0.08333714 0.11876822\n 0.13021987 0.13485733 0.14794895 0.18014642 0.18431967 0.19320336\n 0.1517814  0.15575419 0.21102336 0.21372865 0.19582352 0.2131206\n 0.22347013 0.26460642 0.29345456 0.29883795 0.30695575 0.30464644\n 0.30530172 0.30419088 0.26639006 0.26847262 0.27123095 0.22677851\n 0.21069776 0.24019927 0.25806448 0.27368537 0.26486062 0.2600527\n 0.28778857 0.30926139 0.30255688 0.30964501 0.30995834 0.28699678\n 0.28132638 0.29872152 0.30596207 0.27128945 0.27659203 0.26859709\n 0.2640581  0.28028207 0.26539835 0.28746328 0.26508546 0.23455084\n 0.22968366 0.22689465 0.25039555 0.30383782 0.30541282 0.34732858\n 0.35499992 0.37388784 0.36821789 0.30845076 0.30228283 0.32084942\n 0.31175599 0.32974939 0.35048187 0.32644533 0.32850201 0.33314356\n 0.31944515 0.29463909 0.26866651 0.31661474 0.34922212 0.34806418\n 0.39973388 0.44345542 0.39080012 0.36137689 0.35685799 0.35206952\n 0.36884572 0.37258444 0.42618631 0.40331601 0.34839752 0.30133528\n 0.27219732 0.26254293 0.26397745 0.24605621 0.24413591 0.2506561\n 0.26729707 0.2149826  0.20544029 0.17794919 0.17935052 0.16744157\n 0.18877229 0.16721242 0.1769586  0.2038551  0.21867472 0.26308832\n 0.21143094 0.2023584  0.21480073 0.20424523 0.20388033 0.22143562\n 0.24173883 0.23665783 0.22169513 0.19773705 0.18562906 0.19875952\n 0.21233078 0.22856193 0.24088209 0.23475636 0.23328447 0.24620052\n 0.26788777 0.26765668 0.34364792 0.34188721 0.41986756 0.4291725\n 0.43937771 0.49091207 0.42276551 0.41166319 0.41431255 0.42036705\n 0.38949889 0.41337676 0.44957869 0.46575676 0.40724722 0.44091776\n 0.59587682 0.65755722 0.60790226 0.65368799 0.66949859 0.63401062\n 0.60924463 0.67704233 0.69336594 0.81281457 0.84082899 0.72050032\n 0.62972715 0.67476185 0.62935506 0.56398258 0.50393109 0.40541722\n 0.40810315 0.46235409 0.44405428 0.48135252 0.38496267 0.37615294\n 0.37458856 0.37122435 0.347195   0.29893009 0.31925295 0.36885265\n 0.31992832 0.41436956 0.38869158 0.39070054 0.32271776 0.27615539\n 0.25604829 0.24945228 0.29598838 0.35706791 0.31384477 0.29337861\n 0.27636175 0.27010659 0.2808492  0.28920108 0.29908147 0.29831169\n 0.32736533 0.34903774 0.40924898 0.4136818  0.52578797 0.59025231\n 0.57145668 0.58610028 0.56519858 0.56335705 0.49383755 0.46056096\n 0.45699781 0.4504516  0.46672602 0.5132892  0.49562845 0.48361709\n 0.4933915  0.50887289 0.51293861 0.51981839 0.56519301 0.53965993\n 0.51775031 0.51943496 0.29902615 0.2463592  0.22275412 0.208028\n 0.22518278 0.20874951 0.25829115 0.30078759 0.31411916 0.31952914\n 0.34144252 0.34478027 0.30982273 0.30451351 0.29095884 0.29476851]"
  }
}