,Asset,DM_Statistic,P_Value,Significant_5%
0,SPY,-2.2266466311888995,0.025970899841204265,**
1,QQQ,-1.7784799922887622,0.07532505512688203,*
2,XLK,-2.2497600305602896,0.024464182516029886,**
3,XLF,-3.378662369140164,0.0007283940468953976,***
