,SPY,QQQ,XLK,XLF,Mean
VIX_lag1,0.4354049599647398,0.3998231299403253,0.22609420344243059,0.29396945589403556,0.3388229373103828
RV_5d_lag1,0.042629527767550246,0.046192662236801074,0.03651023579813206,0.015156641778152014,0.03512226689515885
direction_5d_lag1,0.026952546805776967,0.01551490517334242,0.0018674475723936546,0.016974741990526843,0.01532741038550997
RV_22d_lag1,0.0005680990241908601,0.0,0.012662113340333625,-0.0004086379913775806,0.003205393593286726
RV_ratio_lag1,-0.0020449966789590768,-0.0011577711320016615,-0.022390275053668085,-0.00022561898920780976,-0.006454665463459158
VIX_change_lag1,-0.013755513566017452,-0.0028510134685137967,-0.012135847076929274,-0.002798783591763887,-0.007885289425806102
