{
  "vix_contribution": {
    "VIX \ub2e8\ub3c5 (vix_lag_1)": 0.20191043861530378,
    "VIX \uad00\ub828 (4\uac1c)": 0.26785668153876363,
    "\ubcc0\ub3d9\uc131\ub9cc (VIX \uc81c\uc678)": 0.12733113325566436,
    "\uc804\uccb4 \ud2b9\uc131 (14\uac1c)": 0.25620402208822557
  },
  "three_class": {
    "accuracy": 0.5364963503649635,
    "f1_macro": 0.5236382991759335,
    "f1_weighted": 0.5359299207015242,
    "baseline": 0.3333,
    "improvement": 0.20319635036496347,
    "high_precision": 0.6222222222222222,
    "high_recall": 0.35443037974683544,
    "confusion_matrix": [
      [
        70,
        35,
        4
      ],
      [
        24,
        49,
        13
      ],
      [
        13,
        38,
        28
      ]
    ]
  },
  "timestamp": "2025-12-12T22:39:58.616413"
}