{
  "baseline": 0.1915,
  "results": {
    "\ud2b9\uc131 \uc120\ud0dd": 0.19057788871274461,
    "Rolling": -0.52591806930403,
    "\uc774\uc0c1\uce58 \uc81c\uac70": 0.06397832790046132,
    "\ub2e4\uc911 \ud0c0\uc784\ud504\ub808\uc784": -0.13407504592995179,
    "\uc559\uc0c1\ube14": -0.022062122243280857
  },
  "best_strategy": "\ud2b9\uc131 \uc120\ud0dd",
  "best_r2": 0.19057788871274461,
  "improvement": -0.4815202544414566,
  "timestamp": "2025-12-12T23:33:48.263046"
}