{
  "results": {
    "ElasticNet": {
      "rv_r2": 0.1307984919462597,
      "vrp_r2": 0.19145256459903015
    },
    "Ridge": {
      "rv_r2": 0.1303199407947533,
      "vrp_r2": 0.1910074074028293
    },
    "GradientBoosting": {
      "rv_r2": -0.2754054408186126,
      "vrp_r2": -0.18640590095084697
    },
    "XGBoost": {
      "rv_r2": -0.4697852825207025,
      "vrp_r2": -0.36722165086111325
    },
    "LightGBM": {
      "rv_r2": -0.16477115646729668,
      "vrp_r2": -0.08349182860877802
    },
    "Ensemble": {
      "rv_r2": 0.1307517828685152,
      "vrp_r2": 0.1914091149447551
    }
  },
  "best_model": "ElasticNet",
  "best_vrp_r2": 0.19145256459903015,
  "best_rv_r2": 0.1307984919462597,
  "baseline": 0.1494,
  "improvement": 28.147633600421784,
  "direction_accuracy": 0.7345454545454545,
  "timestamp": "2025-12-12T23:30:19.464818"
}