{
  "timestamp": "2025-10-14T15:00:44.241238",
  "har_benchmark": {
    "r2": 0.21455560640036359,
    "rmse": 0.003175661248791279,
    "mae": 0.002480931022743474,
    "features": 3
  },
  "ridge_model": {
    "r2": 0.30298674168057377,
    "rmse": 0.005304841004621595,
    "mae": 0.003323255325763898,
    "features": 31
  },
  "improvement": {
    "r2_ratio": 1.4121595178230697,
    "r2_difference": 0.08843113528021018,
    "conclusion": "Ridge outperforms HAR by 1.4x"
  }
}