{
  "random_forest": 0.3417673682613516,
  "gradient_boosting": 0.34486992137024464,
  "lstm": 0.3133627103684038
}