{
  "random_forest": {
    "train_auc": 0.9991997978436659,
    "test_auc": 0.9952830188679245,
    "cv_auc_mean": 0.9966240132416603,
    "cv_auc_std": 0.003544762176614397,
    "feature_importance": "[0.00894148 0.00316881 0.00651843 0.00252309 0.03388374 0.28219174\n 0.07094072 0.01451343 0.00425352 0.00147955 0.00158976 0.01284321\n 0.00445791 0.00722945 0.00279277 0.00699691 0.01247038 0.43888055\n 0.08432457]"
  },
  "gradient_boosting": {
    "train_auc": 1.0,
    "test_auc": 0.964622641509434,
    "cv_auc_mean": 0.990909090909091,
    "cv_auc_std": 0.018181818181818122,
    "feature_importance": "[5.56288899e-08 3.81987100e-06 8.51732112e-09 4.51098366e-05\n 1.27265698e-03 5.75991888e-04 4.40277935e-04 1.87062420e-03\n 1.16515846e-06 3.37555416e-04 1.22512839e-03 1.32005753e-04\n 2.45001665e-05 7.59232851e-04 1.01810546e-04 1.74157655e-07\n 7.16419202e-06 8.96111660e-01 9.70910582e-02]"
  },
  "lstm": {
    "train_auc": 0.9968413072776281,
    "test_auc": 0.9845013477088949
  }
}