{
  "test_timestamp": "2025-08-25T02:27:24.383718",
  "test_info": {
    "samples": 600,
    "features": 19,
    "actual_event_rate": 0.11666666666666667
  },
  "model_results": {
    "random_forest": {
      "avg_confidence": 0.11382231621755902,
      "confidence_std": 0.24666704755288082,
      "median_confidence": 0.014244193525772473,
      "min_confidence": 0.0,
      "max_confidence": 0.9476209337022157,
      "event_avg_confidence": 0.7585422363938467,
      "normal_avg_confidence": 0.0286706286471059,
      "confidence_distribution": {
        "low_confidence_pct": 0.8733333333333333,
        "mid_confidence_pct": 0.058333333333333334,
        "high_confidence_pct": 0.06833333333333333
      }
    },
    "gradient_boosting": {
      "avg_confidence": 0.11000162793278877,
      "confidence_std": 0.31287371810431663,
      "median_confidence": 5.263289933103169e-06,
      "min_confidence": 5.26155872920881e-06,
      "max_confidence": 0.9999690090423841,
      "event_avg_confidence": 0.9428308023334155,
      "normal_avg_confidence": 5.321879875792191e-06,
      "confidence_distribution": {
        "low_confidence_pct": 0.89,
        "mid_confidence_pct": 0.0,
        "high_confidence_pct": 0.11
      }
    },
    "lstm": {
      "avg_confidence": 0.11112917214632034,
      "confidence_std": 0.2679367661476135,
      "median_confidence": 0.0033346395939588547,
      "min_confidence": 0.0009810073534026742,
      "max_confidence": 0.9969066977500916,
      "event_avg_confidence": 0.7885634303092957,
      "normal_avg_confidence": 0.021656719967722893,
      "confidence_distribution": {
        "low_confidence_pct": 0.865,
        "mid_confidence_pct": 0.06333333333333334,
        "high_confidence_pct": 0.07166666666666667
      }
    }
  }
}