{
    "random_forest": {
        "train_accuracy": 1.0,
        "test_accuracy": 0.9333333333333333
    },
    "gradient_boosting": {
        "train_accuracy": 1.0,
        "test_accuracy": 0.9416666666666667
    },
    "lstm": {
        "train_accuracy": 0.9375,
        "test_accuracy": 0.925000011920929
    }
}