{
  "efa_gld_analysis": {
    "SPY_stats": {
      "vix_mean": 18.28538306058057,
      "rv_mean": 14.836550274558757,
      "vrp_mean": 3.4554599768669294,
      "vrp_std": 7.912722399534658
    },
    "EFA_stats": {
      "vix_mean": 18.28538306058057,
      "rv_mean": 15.089235656102753,
      "vrp_mean": 3.2213425562925626,
      "vrp_std": 7.5055286647711315
    },
    "GLD_stats": {
      "vix_mean": 18.28538306058057,
      "rv_mean": 13.342918321166028,
      "vrp_mean": 4.926240470476366,
      "vrp_std": 6.473409745365939
    },
    "SPY": {
      "vix_rv_corr": 0.8282636990669481,
      "vrp_autocorr": 0.9551812262957048,
      "r2": 0.05631108803353324,
      "direction_accuracy": 0.5850202429149798
    },
    "EFA": {
      "vix_rv_corr": 0.7498584499424547,
      "vrp_autocorr": 0.9477472602484376,
      "r2": 0.33486351479323895,
      "direction_accuracy": 0.7408906882591093
    },
    "GLD": {
      "vix_rv_corr": 0.5141962111546095,
      "vrp_autocorr": 0.9463103099312122,
      "r2": 0.3572106790609131,
      "direction_accuracy": 0.7125506072874493
    }
  },
  "lstm_model": {
    "LSTM (32)": {
      "r2": 0.12869144241939567,
      "mae": 2.5785995418734236,
      "direction_accuracy": 0.5991902834008097
    },
    "LSTM (64)": {
      "r2": 0.13254640259457817,
      "mae": 2.439070927940544,
      "direction_accuracy": 0.631578947368421
    },
    "LSTM (64,32)": {
      "r2": 0.14840877725671875,
      "mae": 2.3985814433613406,
      "direction_accuracy": 0.6214574898785425
    },
    "ElasticNet": {
      "r2": 0.05631108803353324,
      "direction_accuracy": 0.5850202429149798
    }
  },
  "market_difference": {
    "SPY_dist": {
      "mean": 3.4554599768669294,
      "std": 7.912722399534658,
      "skew": -3.943949478450612,
      "kurtosis": 28.12423915417815
    },
    "EFA_dist": {
      "mean": 3.2213425562925626,
      "std": 7.5055286647711315,
      "skew": -3.102672211774456,
      "kurtosis": 20.859056652251493
    },
    "GLD_dist": {
      "mean": 4.926240470476366,
      "std": 6.473409745365939,
      "skew": 1.4710955359917988,
      "kurtosis": 5.762870469406363
    },
    "SPY_beta": {
      "correlation": 0.8282636990669481,
      "beta": 1.1026086476573813,
      "residual_std": 5.474439431115865
    },
    "EFA_beta": {
      "correlation": 0.7498584499424547,
      "beta": 0.8824663838909604,
      "residual_std": 5.714124214715686
    },
    "GLD_beta": {
      "correlation": 0.5141962111546095,
      "beta": 0.31298841059848653,
      "residual_std": 3.831398536659029
    }
  },
  "cross_asset": {
    "SPY_to_SPY": {
      "r2": 0.05631108803353324,
      "direction_accuracy": 0.5850202429149798
    },
    "SPY_to_EFA": {
      "r2": 0.3153939714568126,
      "direction_accuracy": 0.7327935222672065
    },
    "SPY_to_GLD": {
      "r2": 0.3239043763074305,
      "direction_accuracy": 0.6275303643724697
    },
    "EFA_to_SPY": {
      "r2": 0.049397128909425825,
      "direction_accuracy": 0.597165991902834
    },
    "EFA_to_EFA": {
      "r2": 0.33486351479323895,
      "direction_accuracy": 0.7408906882591093
    },
    "EFA_to_GLD": {
      "r2": 0.32521479819796106,
      "direction_accuracy": 0.6214574898785425
    },
    "GLD_to_SPY": {
      "r2": 0.19704440508437004,
      "direction_accuracy": 0.6356275303643725
    },
    "GLD_to_EFA": {
      "r2": 0.5035350684914734,
      "direction_accuracy": 0.7692307692307693
    },
    "GLD_to_GLD": {
      "r2": 0.3572106790609131,
      "direction_accuracy": 0.7125506072874493
    }
  },
  "timestamp": "2025-12-13T19:06:48.087774"
}