{
  "period_comparison": {
    "COVID (2020.03-2020.12)": {
      "n_samples": 213,
      "r2": -2.0334281314561,
      "mae": 6.921930633887861,
      "direction_accuracy": 0.40625
    },
    "Post-COVID (2021)": {
      "n_samples": 252,
      "r2": 0.18488350507797613,
      "mae": 3.57889558166655,
      "direction_accuracy": 0.7236842105263158
    },
    "2022 (\uace0\uae08\ub9ac)": {
      "n_samples": 251,
      "r2": -4.520712140267183,
      "mae": 4.957367481622577,
      "direction_accuracy": 0.47368421052631576
    },
    "2023 (\ud68c\ubcf5)": {
      "n_samples": 250,
      "r2": 0.04453663016292797,
      "mae": 1.7376532136492089,
      "direction_accuracy": 0.64
    },
    "2024-2025": {
      "n_samples": 395,
      "r2": -0.44986046958269665,
      "mae": 12.323025520570669,
      "direction_accuracy": 0.7142857142857143
    }
  },
  "horizon_analysis": {
    "5\uc77c": {
      "rv_r2": 0.19344496700660185,
      "vrp_r2": 0.21144888549997665,
      "mae": 6.4553624618711405,
      "direction_accuracy": 0.7562724014336918
    },
    "10\uc77c": {
      "rv_r2": 0.12993554956110276,
      "vrp_r2": 0.16828989750568057,
      "mae": 6.30478734048674,
      "direction_accuracy": 0.7769784172661871
    },
    "22\uc77c": {
      "rv_r2": 0.06983551060900117,
      "vrp_r2": 0.13474366366188395,
      "mae": 6.432584396066644,
      "direction_accuracy": 0.7127272727272728
    }
  },
  "ablation_study": {
    "full_model": 0.13474366366188395,
    "without_RV_1d": 0.13019301287794005,
    "without_RV_5d": 0.12611013254053838,
    "without_RV_22d": 0.14354962185073095,
    "without_VIX_lag1": 0.14944069348011046,
    "without_VIX_lag5": 0.17851078606680915,
    "without_VIX_change": 0.17318121639724948,
    "without_VRP_lag1": 0.13506158975528482,
    "without_VRP_lag5": 0.14689926183074908,
    "without_VRP_ma5": 0.1360270007027169,
    "without_regime_high": 0.13507846257289402,
    "without_return_5d": 0.1262568311564436,
    "without_return_22d": 0.11760029049579512
  },
  "vix_quantile": {
    "Q1 (0-25%)": {
      "vix_range": "0.0-16.5",
      "n_samples": 69,
      "r2": 0.07321551603253984,
      "direction_accuracy": 0.5652173913043478
    },
    "Q2 (25-50%)": {
      "vix_range": "16.5-17.4",
      "n_samples": 10,
      "r2": -0.17560339059497676,
      "direction_accuracy": 0.9
    },
    "Q4 (75-100%)": {
      "vix_range": "17.4-100.0",
      "n_samples": 196,
      "r2": 0.13304456771036854,
      "direction_accuracy": 0.7551020408163265
    }
  },
  "trading_cost": {
    "cost_0.0": {
      "cost_pct": 0.0,
      "gross_return": 697.2651369432834,
      "net_return": 697.2651369432834,
      "total_cost": 0.0,
      "n_trades": 202
    },
    "cost_0.05": {
      "cost_pct": 0.05,
      "gross_return": 697.2651369432834,
      "net_return": 695.2151369432835,
      "total_cost": 2.0500000000000003,
      "n_trades": 202
    },
    "cost_0.1": {
      "cost_pct": 0.1,
      "gross_return": 697.2651369432834,
      "net_return": 693.1651369432834,
      "total_cost": 4.1000000000000005,
      "n_trades": 202
    },
    "cost_0.2": {
      "cost_pct": 0.2,
      "gross_return": 697.2651369432834,
      "net_return": 689.0651369432834,
      "total_cost": 8.200000000000001,
      "n_trades": 202
    },
    "cost_0.5": {
      "cost_pct": 0.5,
      "gross_return": 697.2651369432834,
      "net_return": 676.7651369432834,
      "total_cost": 20.5,
      "n_trades": 202
    }
  },
  "seasonality": {
    "monthly": {
      "1": {
        "mean": 2.6932743574494,
        "std": 4.909104106604215,
        "count": 121
      },
      "2": {
        "mean": -6.456288325271563,
        "std": 20.87490885689054,
        "count": 115
      },
      "3": {
        "mean": -1.201618660069815,
        "std": 18.766646558455683,
        "count": 132
      },
      "4": {
        "mean": 1.746027248337927,
        "std": 10.04326037437115,
        "count": 124
      },
      "5": {
        "mean": 4.89875295873105,
        "std": 4.338008260371779,
        "count": 126
      },
      "6": {
        "mean": 6.24811501899981,
        "std": 5.358683840534857,
        "count": 125
      },
      "7": {
        "mean": 5.9414846829978005,
        "std": 6.86578229799948,
        "count": 126
      },
      "8": {
        "mean": 3.55190111340685,
        "std": 4.292454046011155,
        "count": 111
      },
      "9": {
        "mean": 4.52232059927764,
        "std": 4.150564035603174,
        "count": 103
      },
      "10": {
        "mean": 6.4697957653661495,
        "std": 4.236916338965232,
        "count": 109
      },
      "11": {
        "mean": 4.997103342175155,
        "std": 5.265713636272521,
        "count": 103
      },
      "12": {
        "mean": 4.590615127343463,
        "std": 4.470272589407656,
        "count": 107
      }
    },
    "weekday": {
      "\uc6d4": {
        "mean": 3.430406704490829,
        "std": 10.059712496218143,
        "count": 260
      },
      "\ud654": {
        "mean": 3.0352316516529703,
        "std": 10.41294241887581,
        "count": 291
      },
      "\uc218": {
        "mean": 3.0214110511294603,
        "std": 10.821522710190735,
        "count": 288
      },
      "\ubaa9": {
        "mean": 3.207235867320141,
        "std": 10.319130823456062,
        "count": 283
      },
      "\uae08": {
        "mean": 2.8799429834842543,
        "std": 10.400351379394653,
        "count": 280
      }
    }
  },
  "prediction_interval": {
    "conf_50": {
      "confidence": 0.5,
      "interval_width": 13.721078144223007,
      "actual_coverage": 0.7563636363636363
    },
    "conf_80": {
      "confidence": 0.8,
      "interval_width": 26.07047649215848,
      "actual_coverage": 0.8945454545454545
    },
    "conf_90": {
      "confidence": 0.9,
      "interval_width": 33.46109432300295,
      "actual_coverage": 0.9163636363636364
    },
    "conf_95": {
      "confidence": 0.95,
      "interval_width": 39.87135309901853,
      "actual_coverage": 0.9236363636363636
    },
    "residual_std": 10.171450448456879
  },
  "timestamp": "2025-12-12T23:47:25.763882"
}