{
  "EWMA": {
    "r2": -0.4621488509488145,
    "mae": 9.40255469219017,
    "direction": 0.52
  },
  "HAR-RV": {
    "r2": 0.10271001720064943,
    "mae": 6.631091872824214,
    "direction": 0.6690909090909091
  },
  "GARCH(1,1)": {
    "r2": -0.24527445652358293,
    "mae": 7.89320628309571,
    "direction": 0.610909090909091
  },
  "OLS": {
    "r2": 0.10668156812327112,
    "mae": 6.609956027011264,
    "direction": 0.6909090909090909
  },
  "Ridge (\u03b1=0.1)": {
    "r2": 0.10729294996921801,
    "mae": 6.606298565952999,
    "direction": 0.6909090909090909
  },
  "Ridge (\u03b1=1.0)": {
    "r2": 0.11245945650349842,
    "mae": 6.574895766644329,
    "direction": 0.6945454545454546
  },
  "Ridge (\u03b1=10)": {
    "r2": 0.1436661304117609,
    "mae": 6.36413731774464,
    "direction": 0.7272727272727273
  },
  "Lasso": {
    "r2": 0.116430266319692,
    "mae": 6.559659818605982,
    "direction": 0.7018181818181818
  },
  "ElasticNet (0.1)": {
    "r2": 0.21528894983312408,
    "mae": 5.907641088829741,
    "direction": 0.7709090909090909
  },
  "ElasticNet (0.5)": {
    "r2": 0.21187227076520498,
    "mae": 5.922157786194427,
    "direction": 0.7745454545454545
  },
  "ElasticNet (0.9)": {
    "r2": 0.19395055693654917,
    "mae": 5.97685969273071,
    "direction": 0.7963636363636364
  },
  "Random Forest": {
    "r2": -1.027237361327741,
    "mae": 9.881700159226787,
    "direction": 0.6036363636363636
  },
  "GradientBoosting": {
    "r2": -1.394336614107453,
    "mae": 10.400678980171145,
    "direction": 0.5927272727272728
  },
  "XGBoost": {
    "r2": -0.363366964907484,
    "mae": 8.297773562774179,
    "direction": 0.5527272727272727
  },
  "LightGBM": {
    "r2": -0.09530649792940604,
    "mae": 8.135031355615341,
    "direction": 0.5309090909090909
  },
  "CatBoost": {
    "r2": 0.1714807565205836,
    "mae": 6.864961369021086,
    "direction": 0.5963636363636363
  },
  "MLP (64)": {
    "r2": -0.03303754550239302,
    "mae": 7.597361117807804,
    "direction": 0.6
  },
  "MLP (128,64)": {
    "r2": -0.3148679180414766,
    "mae": 8.072961792226657,
    "direction": 0.5127272727272727
  },
  "MLP (256,128,64)": {
    "r2": -0.056862334803221115,
    "mae": 7.724616464333849,
    "direction": 0.5890909090909091
  },
  "LSTM (64)": {
    "r2": 0.00966182976045138,
    "mae": 6.192250326895989,
    "direction": 0.6363636363636364
  },
  "LSTM (64,32)": {
    "r2": -0.06385599889796256,
    "mae": 7.246615607388181,
    "direction": 0.5490909090909091
  },
  "GRU (64)": {
    "r2": -0.038725640317687215,
    "mae": 6.102350085992977,
    "direction": 0.6363636363636364
  },
  "Voting (EN+Ridge+RF)": {
    "r2": 0.14727212864902817,
    "mae": 7.079017381587784,
    "direction": 0.6290909090909091
  },
  "Stacking (EN+Ridge)": {
    "r2": 0.22902733927524088,
    "mae": 5.780286893352497,
    "direction": 0.7272727272727273
  },
  "timestamp": "2025-12-13T19:11:11.719310"
}