{
  "experiment_results": {
    "ElasticNet": {
      "r2": 0.09666185898605117,
      "rmse": 0.007957150392336108
    },
    "Ridge": {
      "r2": 0.08617494431085537,
      "rmse": 0.008003204669587134
    },
    "Lasso": {
      "r2": 0.1059045340363991,
      "rmse": 0.00791633818483185
    },
    "RandomForest": {
      "r2": 0.13999042098632386,
      "rmse": 0.007763973366855834
    },
    "GradientBoosting": {
      "r2": 0.11006504379596238,
      "rmse": 0.007897898091823731
    },
    "XGBoost": {
      "r2": 0.09306612687674842,
      "rmse": 0.007972971359112818
    },
    "LightGBM": {
      "r2": 0.13859764986496603,
      "rmse": 0.0077702576360385205
    },
    "CatBoost": {
      "r2": 0.11370892706547764,
      "rmse": 0.00788171233674698
    },
    "Stacking": {
      "r2": 0.011473913953191084,
      "rmse": 0.00832389244245487
    },
    "SimpleAverage": {
      "r2": 0.09955224722594835,
      "rmse": 0.00794441004633659
    },
    "WeightedEnsemble": {
      "r2": 0.09808455205733801,
      "rmse": 0.007950881951424033
    }
  },
  "best_model": "RandomForest",
  "best_r2": 0.13999042098632386,
  "baseline_r2": 0.2572,
  "improvement": -0.11720957901367612,
  "tuned_r2": 0.0,
  "tuned_params": {},
  "timestamp": "2025-12-12T22:22:17.527148"
}