{
  "mlp_tuning": {
    "MLP (64)": {
      "r2": 0.43744465280034905,
      "direction": 0.7408906882591093
    },
    "MLP (128)": {
      "r2": 0.41703863044291256,
      "direction": 0.7145748987854251
    },
    "MLP (256)": {
      "r2": 0.36492366242061713,
      "direction": 0.7469635627530364
    },
    "MLP (64,32)": {
      "r2": 0.39883833891664655,
      "direction": 0.7165991902834008
    },
    "MLP (128,64)": {
      "r2": 0.4292249865704266,
      "direction": 0.7388663967611336
    },
    "MLP (256,128)": {
      "r2": 0.41172406678362183,
      "direction": 0.6983805668016194
    },
    "MLP (256,128,64)": {
      "r2": 0.412473603896765,
      "direction": 0.7732793522267206
    },
    "MLP (512,256,128)": {
      "r2": 0.4130106186076604,
      "direction": 0.7246963562753036
    }
  },
  "gb_tuning": {
    "GB (50, d=3)": {
      "r2": 0.38901246488737373,
      "direction": 0.7348178137651822
    },
    "GB (100, d=3)": {
      "r2": 0.381877266462586,
      "direction": 0.7186234817813765
    },
    "GB (100, d=4)": {
      "r2": 0.37989043520458665,
      "direction": 0.728744939271255
    },
    "GB (200, d=4)": {
      "r2": 0.3657004783449972,
      "direction": 0.7226720647773279
    },
    "GB (200, d=5)": {
      "r2": 0.3609255302024691,
      "direction": 0.7368421052631579
    },
    "GB (300, d=5)": {
      "r2": 0.35436946683998893,
      "direction": 0.7388663967611336
    },
    "XGB (100, d=4)": {
      "r2": 0.38911298237274117,
      "direction": 0.7327935222672065
    },
    "XGB (200, d=5)": {
      "r2": 0.336451547614275,
      "direction": 0.7226720647773279
    },
    "LGB (100, d=4)": {
      "r2": 0.39845067305199666,
      "direction": 0.7408906882591093
    },
    "LGB (200, d=5)": {
      "r2": 0.3646302500098644,
      "direction": 0.7449392712550608
    }
  },
  "lstm": {
    "LSTM (64) seq=10": {
      "r2": 0.3643680990802226,
      "direction": 0.6983805668016194
    },
    "LSTM (128) seq=10": {
      "r2": 0.36202904987499185,
      "direction": 0.7064777327935222
    },
    "LSTM (128,64) seq=10": {
      "r2": 0.3628427891343978,
      "direction": 0.6983805668016194
    },
    "LSTM (64) seq=22": {
      "r2": 0.30528493208306084,
      "direction": 0.7206477732793523
    },
    "LSTM (128) seq=22": {
      "r2": 0.3417516778306797,
      "direction": 0.7064777327935222
    }
  },
  "feature_model": {
    "MLP (256,128)": {
      "r2": 0.4289094040268532,
      "direction": 0.7408906882591093
    },
    "MLP (512,256)": {
      "r2": 0.38934783359015,
      "direction": 0.7327935222672065
    },
    "GB (200, d=5)": {
      "r2": 0.35110176022035533,
      "direction": 0.7327935222672065
    },
    "XGB (200, d=5)": {
      "r2": 0.3473442466021033,
      "direction": 0.7307692307692307
    }
  },
  "ensemble": {
    "MLP only": {
      "r2": 0.41522191026747624,
      "direction": 0.7044534412955465
    },
    "GB only": {
      "r2": 0.3609255302024691,
      "direction": 0.7368421052631579
    },
    "EN only": {
      "r2": 0.3679710797939123,
      "direction": 0.7267206477732794
    },
    "MLP+GB avg": {
      "r2": 0.4197796956061667,
      "direction": 0.742914979757085
    },
    "MLP+EN avg": {
      "r2": 0.4136726624161112,
      "direction": 0.7246963562753036
    },
    "All avg": {
      "r2": 0.42244544642167603,
      "direction": 0.7510121457489879
    },
    "MLP(0.5)+GB(0.3)+EN(0.2)": {
      "r2": 0.4266083754887685,
      "direction": 0.7489878542510121
    },
    "MLP(0.6)+GB(0.4)": {
      "r2": 0.4239410945978195,
      "direction": 0.7388663967611336
    }
  },
  "maximize": {
    "best_r2": 0.41978920135929343,
    "best_config": {
      "hidden": [
        1024,
        512,
        256
      ],
      "alpha": 0.0001,
      "lr": 0.001
    }
  },
  "timestamp": "2025-12-13T19:58:53.356040"
}