{
  "multi_asset_ensemble": {
    "GLD": {
      "r2": 0.36768787701420647
    },
    "EFA": {
      "r2": 0.31437962020478283
    }
  },
  "rolling_window": {
    "126d": {
      "r2": 0.7366059633161391,
      "direction": 0.8524661719773025
    },
    "252d": {
      "r2": 0.7325785583702067,
      "direction": 0.8651270207852194
    },
    "504d": {
      "r2": 0.6723045712645577,
      "direction": 0.8379508625196027
    },
    "756d": {
      "r2": 0.6250785807062462,
      "direction": 0.8037326911499096
    }
  },
  "regime_model": {
    "single": {
      "r2": 0.36768786610038406
    },
    "regime": {
      "r2": 0.3791415160141197
    }
  },
  "model_comparison": {
    "OLS": {
      "r2": 0.3677296315255534,
      "direction": 0.7327935222672065
    },
    "Ridge (\u03b1=0.01)": {
      "r2": 0.367728701892014,
      "direction": 0.7327935222672065
    },
    "Ridge (\u03b1=0.1)": {
      "r2": 0.3677204278232391,
      "direction": 0.7327935222672065
    },
    "Ridge (\u03b1=1.0)": {
      "r2": 0.367646968706146,
      "direction": 0.7327935222672065
    },
    "Lasso (\u03b1=0.01)": {
      "r2": 0.3678534332985067,
      "direction": 0.7327935222672065
    },
    "Lasso (\u03b1=0.1)": {
      "r2": 0.36847059930869386,
      "direction": 0.7186234817813765
    },
    "ElasticNet (0.1, 0.5)": {
      "r2": 0.36768787701420647,
      "direction": 0.7226720647773279
    },
    "ElasticNet (0.01, 0.1)": {
      "r2": 0.3675628604062501,
      "direction": 0.7368421052631579
    }
  },
  "feature_search": {
    "best_r2": 0.3714948454383301,
    "best_features": [
      "RV_22d",
      "Vol_lag1",
      "VRP_lag1",
      "RV_1d",
      "return_22d",
      "Vol_momentum"
    ]
  },
  "cv_optimization": {
    "cv_best_r2": 0.4771331026720187,
    "test_r2": 0.3675628604062501,
    "test_direction": 0.7368421052631579,
    "best_config": {
      "alpha": 0.01,
      "l1_ratio": 0.1
    }
  },
  "timestamp": "2025-12-13T19:45:07.452118"
}