{
  "feature_optimization": {
    "best_r2": 0.3669749491636779,
    "best_features": [
      "RV_22d",
      "Vol_lag1",
      "VRP_lag1",
      "RV_1d",
      "VRP_lag22",
      "return_22d",
      "RV_ratio",
      "VRP_momentum"
    ]
  },
  "hyperparam_optimization": {
    "best_r2": 0.35790801396926664,
    "best_config": {
      "alpha": 0.5,
      "l1_ratio": 0.7
    }
  },
  "model_comparison": {
    "OLS": {
      "r2": 0.354564595924168,
      "direction": 0.736734693877551
    },
    "Ridge (0.01)": {
      "r2": 0.3545635851673371,
      "direction": 0.736734693877551
    },
    "Ridge (0.1)": {
      "r2": 0.3545546026684556,
      "direction": 0.736734693877551
    },
    "Lasso (0.01)": {
      "r2": 0.35469776648527296,
      "direction": 0.7387755102040816
    },
    "ElasticNet (0.1, 0.5)": {
      "r2": 0.35472139301265415,
      "direction": 0.7285714285714285
    },
    "ElasticNet (0.01, 0.1)": {
      "r2": 0.35442629700226747,
      "direction": 0.7408163265306122
    },
    "RF (50, d=4)": {
      "r2": 0.38131079787321465,
      "direction": 0.7244897959183674
    },
    "GB (50, d=3)": {
      "r2": 0.39323987460722387,
      "direction": 0.7306122448979592
    },
    "MLP (64,32)": {
      "r2": 0.4227499740017966,
      "direction": 0.7306122448979592
    }
  },
  "ensemble": {
    "EN1 only": {
      "r2": 0.35442629700226747,
      "direction": 0.7408163265306122
    },
    "EN1+EN2 avg": {
      "r2": 0.35511162316109224,
      "direction": 0.736734693877551
    },
    "EN1+Ridge avg": {
      "r2": 0.35457803721728254,
      "direction": 0.736734693877551
    },
    "All avg": {
      "r2": 0.35508782354179935,
      "direction": 0.736734693877551
    },
    "EN1(0.6)+Ridge(0.4)": {
      "r2": 0.3545617031553868,
      "direction": 0.736734693877551
    },
    "Stacking": {
      "r2": 0.3509258461285536,
      "direction": 0.6938775510204082
    }
  },
  "multi_asset": {
    "S&P 500": {
      "r2": 0.028077704376546775,
      "direction": 0.5591836734693878
    },
    "EAFE": {
      "r2": 0.31758750451857765,
      "direction": 0.7285714285714285
    },
    "Gold": {
      "r2": 0.35472139301265415,
      "direction": 0.7285714285714285
    },
    "Emerging": {
      "r2": -0.20958992810461718,
      "direction": 0.6081632653061224
    }
  },
  "final_best": {
    "r2": 0.3565860575166221,
    "direction": 0.726530612244898,
    "config": {
      "alpha": 0.05,
      "l1_ratio": 0.5
    },
    "features": [
      "RV_1d",
      "RV_5d",
      "RV_22d",
      "Vol_lag1",
      "Vol_lag5",
      "VRP_lag1",
      "VRP_lag5",
      "VRP_ma5",
      "return_22d"
    ]
  },
  "timestamp": "2025-12-13T19:51:32.847330"
}