{
  "phase1": {
    "VRP_true": 0.08125669153595927,
    "VRP_change": 0.10294420548257643,
    "RV_future": 0.04817757092454589,
    "VRP_from_RV": 0.1156572131778818
  },
  "phase2": {
    "HAR-X_original": -0.018645030637654436,
    "HAR-X_clipped": -0.020397962756144583,
    "Ridge": -0.020266337425199676
  },
  "phase3": {
    "AR(1)": -0.1307653052092801,
    "AR(5)": -0.1291721956249523,
    "ARMA(1,1)": -0.12869046100220594
  },
  "final_r2": -0.018830990371954348,
  "final_accuracy": 0.6082089552238806,
  "baseline": 0.1494,
  "improvement": -112.60441122620773,
  "timestamp": "2025-12-12T23:28:58.491677"
}