{
  "basic_stats": {
    "VIX": {
      "Mean": 21.10471020159514,
      "Std": 7.932633430624197,
      "Min": 11.859999656677246,
      "Max": 82.69000244140625,
      "Skew": 2.717796730431661,
      "Kurt": 12.616565617633999,
      "Q25": 16.40999984741211,
      "Q50": 18.84000015258789,
      "Q75": 24.229999542236328
    },
    "RV_22d": {
      "Mean": 18.00165273598358,
      "Std": 11.939609678321016,
      "Min": 5.665612689952542,
      "Max": 91.14063170907005,
      "Skew": 3.3878688805380905,
      "Kurt": 14.947484174325446,
      "Q25": 11.229707626645517,
      "Q50": 14.641169023404961,
      "Q75": 20.45999618540866
    },
    "VRP": {
      "Mean": 3.103057465611562,
      "Std": 7.965296054837664,
      "Min": -45.90063003060325,
      "Max": 23.244384010974294,
      "Skew": -2.891865057627184,
      "Kurt": 12.649979556891218,
      "Q25": 1.4674559148429562,
      "Q50": 3.818973859924464,
      "Q75": 6.678449762346412
    },
    "VRP_true": {
      "Mean": 3.212525128366863,
      "Std": 10.431630860707946,
      "Min": -69.5859567835726,
      "Max": 24.788475529662158,
      "Skew": -3.505552571646894,
      "Kurt": 17.28937935483483,
      "Q25": 1.3946848724918808,
      "Q50": 4.408661934244091,
      "Q75": 7.473511523457592
    },
    "returns": {
      "Mean": 0.0005838470845174522,
      "Std": 0.013523092755357445,
      "Min": -0.10942373540494499,
      "Max": 0.10501930183911301,
      "Skew": -0.25621245462549125,
      "Kurt": 12.316207428314444,
      "Q25": -0.0051503853463346905,
      "Q50": 0.0009035441580256265,
      "Q75": 0.0072227859426924335
    }
  },
  "correlations": {
    "VIX": 0.17479208673293095,
    "RV_22d": 0.0700057920706045,
    "VRP": 0.06913989314270659,
    "VIX_lag1": 0.17892531996679886,
    "VIX_lag5": 0.22475969146551372,
    "VIX_change": -0.016229428959460692,
    "VRP_lag1": 0.051821052782317384,
    "VRP_lag5": 0.03503192334503306,
    "return_5d": 0.12380297011180702,
    "RV_5d": -0.021781568028362362
  },
  "autocorrelation": {
    "1": 0.9607732578156589,
    "2": 0.9321544427365871,
    "3": 0.8960670160116467,
    "5": 0.8160147139998227,
    "10": 0.5992934743038799,
    "22": 0.1556418607111433
  },
  "regime_distribution": {
    "Low": 535,
    "Normal": 292,
    "High": 258,
    "Very Low": 241,
    "Crisis": 54
  },
  "recommendations": {
    "\ud2b9\uc131 \uc5d4\uc9c0\ub2c8\uc5b4\ub9c1": [
      "HAR \uc2a4\ud0c0\uc77c: RV(1d), RV(5d), RV(22d) - \uc790\uae30\uc0c1\uad00\uc774 \uac15\ud568",
      "VRP \ub798\uadf8: VRP(t-1), VRP(t-5) - \ub192\uc740 \uc9c0\uc18d\uc131",
      "VIX \uae30\uac04\uad6c\uc870: VIX/VIX_MA20 - Contango/Backwardation",
      "Regime \ub354\ubbf8: VIX \uae30\uc900 \uace0\ubcc0\ub3d9\uc131/\uc704\uae30 \uad6c\ubd84"
    ],
    "\uc804\ucc98\ub9ac": [
      "\ud45c\uc900\ud654 (StandardScaler) - \uc120\ud615 \ubaa8\ub378\uc6a9",
      "\ub85c\uadf8 \ubcc0\ud658 \ubd88\ud544\uc694 - VRP\ub294 \uc774\ubbf8 \uc2a4\ud504\ub808\ub4dc",
      "\uc774\uc0c1\uce58 \ud074\ub9ac\ud551: \uadf9\ub2e8\uc801 VRP \uac12 (\uc0c1\ud558\uc704 1%)"
    ],
    "\ubaa8\ub378 \uc120\ud0dd": [
      "ElasticNet (\ud604\uc7ac \ucd5c\uace0): \uc120\ud615\uc131\uc774 \uac15\ud558\uace0 \ud574\uc11d\uac00\ub2a5",
      "HAR-X: HAR-RV + \uc678\uc0dd\ubcc0\uc218 (\ucc38\uace0\ubb38\ud5cc \uae30\ubc18)",
      "GARCH-MIDAS: \uace0\ube48\ub3c4+\uc800\ube48\ub3c4 \uacb0\ud569 (\uc2dc\uac04 \uc788\uc73c\uba74)",
      "Rolling \uc7ac\ud559\uc2b5: 63\uc77c\ub9c8\ub2e4 \uac31\uc2e0"
    ],
    "\uc8fc\uc758\uc0ac\ud56d": [
      "VIX-RV \uc0c1\uad00\uad00\uacc4\uac00 \ub192\uc74c \u2192 VIX \uc790\uccb4\uac00 \uc88b\uc740 \uc608\uce21\uc790",
      "\ube44\uc120\ud615 \ubaa8\ub378(RF, GB)\uc740 \uacfc\uc801\ud569 \uacbd\ud5a5",
      "\ubbf8\ub798 \ub370\uc774\ud130 \ub204\ucd9c \uc8fc\uc758 (shift \uc0ac\uc6a9)"
    ]
  },
  "data_info": {
    "n_samples": 1380,
    "start_date": "2020-02-03",
    "end_date": "2025-07-30"
  },
  "timestamp": "2025-12-12T23:25:39.640343"
}